"id","nome","email","telefone","endereco"
1,"Jo√£o Silva","joao.silva@example.com","123-456-7890","123 Rua das Flores"
2,"Maria Santos","maria.santos@example.com","987-654-3210","456 Avenida Principal"
3,"Carlos Ferreira","carlos.ferreira@example.com","555-123-4567","789 Rua da Praia"
4,"Ana Rodrigues","ana.rodrigues@example.com","111-222-3333","321 Rua do Sol"
5,"Pedro Almeida","pedro.almeida@example.com","999-888-7777","654 Avenida da Lua"
6,"Sofia Mendes","sofia.mendes@example.com","444-555-6666","987 Rua da Montanha"
7,"Luis Torres","luis.torres@example.com","777-888-9999","789 Avenida das Estrelas"
8,"Marta Fernandes","marta.fernandes@example.com","222-333-4444","555 Rua do Oceano"
9,"Ricardo Pereira","ricardo.pereira@example.com","666-777-8888","111 Avenida dos Ventos"
10,"Laura Alves","laura.alves@example.com","333-444-5555","222 Rua da Cidade"
11,"Daniel Oliveira","daniel.oliveira@example.com","444-555-6666","987 Rua da Colina"
12,"Carla Sousa","carla.sousa@example.com","555-666-7777","654 Avenida do Rio"
13,"Antonio Rodrigues","antonio.rodrigues@example.com","999-888-7777","111 Rua da Montanha"
14,"Isabel Silva","isabel.silva@example.com","123-456-7890","789 Rua da Praia"
15,"Gustavo Martins","gustavo.martins@example.com","987-654-3210","123 Rua das Flores"
